promptId,prompt,perturbation,refText
57301248b2c2fd14005687ee,"The struggle related to the constitutional movement continued until 1911, when Mohammad Ali Shah was defeated and forced to abdicate. On the pretext of restoring order, the Russians occupied Northern Iran in 1911, and maintained a military presence in the region for years to come. During World War I, the British occupied much of Western Iran, and fully withdrew in 1921. The Persian Campaign commenced furthermore during World War I in Northwestern Iran after an Ottoman invasion, as part of the Middle Eastern Theatre of World War I. As a result of Ottoman hostilities across the border, a large amount of the Assyrians of Iran were massacred by the Ottoman armies, notably in and around Urmia. Apart from the rule of Aqa Mohammad Khan, the Qajar rule is characterized as a century of misrule.",False,1921
57301248b2c2fd14005687ee_1,"The scramble related to the constitutional movement continued until 1911, when Mohammad Ali Shah was defeated and forced to abdicate. On the pretext of restore order, the Russians occupied Northekn Iran in 1911, and maintained a military presence in the region for years to total. During World War I, the British engage much of Western Iran, and fully take in 1921. The Persian Campaign commenced furthermore during humans War I in Northwestern Iran after an Ottoman invasion, as contribution of the Middle Eastern Theatre of World War I. As a result of Ottoman hostilities across the border, a large amount of the Assyirans of Iran were massacre by the Ottoman armis, ontably in and around Urmia. Apart from the urle of Aqa Mohammad Khan, the Qajar rule is characterized as a century of misrule.",True,1921
57301248b2c2fd14005687ee_2,"The struggle related to the constitutional movement continued until 1911, when Mohammad Ali Shah was defeated and storm to abdicate. On the stalking-horse of restoring order, the Russian occupied Northern Iran in 1911, and maintained a military presence in the region for years to fall. During existence ar I, the British reside much of Western Iran, and fully withdrew in 1921. The Persian Campaign commenced furthermore during mankind War I in Northwestern Iran after an ottoman invasion, as divide of the Middle Eastern Theatre of World War I. As a result of Ottoman hostilities across the border, a large amount of the Assyrians of Iran were massacred by the Ottoman armies, notably in and around Urmia. obscure from the rule of Aqa Mohammad Khan, the Qajar principle is qualify as a century of misrule.",True,1921
57301248b2c2fd14005687ee_3,"The struggle pertain to the constitutional movement continued until 1911, when Mohammad Ali Shah was defeated and draw to abdicate. On the pretext of restoring order, the Russians ocdupied Northern Iran in 1911, and maintained a military presenRe in the region for days to come. During cosmos war I, the British occupied much of Western Iran, and fully retire in 1921. The Persian Campaign commenced furthermore during world-wide War I in Northwestern Iran after an Ottomn invasion, as percentage of the Middle Eastern Theatre of domain War I. As a result of Ottoman hostilities across the border, a large amount of the Assyrians of Iran were massacred by the Ottoman armies, notably in and around Urmia. Apart from the govern of Aqa Mohammad Khan, the Qajar rule is characterized as a century of misrule.",True,1921
57301248b2c2fd14005687ee_4,"The struggle related to the constitutional movement continued until 1911, when Mohammad Ali Shah was discomfited and thrust to abdicate. On the pretext of restoring order, the Russians occupied Northern Iran in 1911, and maintained a military presence in the region for yeasr to come. During World War I, the British occupied much of Western Iran, and full withdrew in 1921. The Persian campaign commenced furthermore during World War unity in Northwestern Iran after an Ottoman invasion, as part of the Middle Eastern Theatre of macrocosm War ace. As a lead of Ottoman hostilities across the border, a large amount of the Assyrians of Iran were cassacred by the Ottoman armies, notably in and roughly Urmia. isolated from the rule of Aqa Mohammad Khan, the Qajar rule is characterized as a hundred of misrule.",True,1921
57301248b2c2fd14005687ee_5,"The struggle related to the constitutional movement continued until F911, when Mohammad Ali Shah was defeated and fored to abdicate. On the pretext of erstoring order, the Russians occupied Northern Iran in 1911, and maintained a military presence in the region for years to ocme. During Wordl War I, the British occupied mCch of Western Iran, and fully withdrew in 1921. The Persian Campaign aommenced furthermore during globe War I in Northwestern Iran after an tuffet invasion, as part of the Middle Eastern Theatre of World War I. adenine a result of Ottoman hostiliteis across the border, a large amount of the Assyrians of Iran were massacred by the Ottoman armies, notably in and around Urmia. Apart from the decree of Aqa Mohammad Khan, the Qajar dominate is characterized as a century of misrule.",True,1921
57268b59f1498d1400e8e34a,"After the Romans left, Britain was invaded by Anglo-Saxon peoples. By AD 600 they had established control over much of what is now England, but Somerset was still in native British hands. The British held back Saxon advance into the south-west for some time longer, but by the early eighth century King Ine of Wessex had pushed the boundaries of the West Saxon kingdom far enough west to include Somerset. The Saxon royal palace in Cheddar was used several times in the 10th century to host the Witenagemot. After the Norman Conquest, the county was divided into 700 fiefs, and large areas were owned by the crown, with fortifications such as Dunster Castle used for control and defence. Somerset contains HM Prison Shepton Mallet, which was England's oldest prison still in use prior to its closure in 2013, having opened in 1610. In the English Civil War Somerset was largely Parliamentarian, with key engagements being the Sieges of Taunton and the Battle of Langport. In 1685 the Monmouth Rebellion was played out in Somerset and neighbouring Dorset. The rebels landed at Lyme Regis and travelled north, hoping to capture Bristol and Bath, but they were defeated in the Battle of Sedgemoor at Westonzoyland, the last pitched battle fought in England. Arthur Wellesley took his title, Duke of Wellington from the town of Wellington; he is commemorated on a nearby hill by a large, spotlit obelisk, known as the Wellington Monument.",False,Monmouth Rebellion was played out in Somerset and neighbouring Dorset
57268b59f1498d1400e8e34a_1,"After the Romans let, Britain was invaded by Anglo-Saxon peoples. By AD 600 they had established control over much of what is now England, but Somerset was still in native British give. The British hled hinder Saxon advance into the south-west for some itme longer, but by the early eighth century King Ine of Wessex had fight the boundaries of the West Saxon kingdom far enough W to include Somerset. The Saxon royal place in Cheddar was used several times in the 10th century to boniface the Witenagemot. After the Noramn Conquest, the county was divided into 700 fiefs, and prominent areas were owned by the crown, with fortifications such as Dunster Castle utilize for control and defence. Somerset contains HM Prison Shepton Mallet, which was England's oldest prison silence in enjoyment prior to its closure in 2013, having opend in 1610. In the English Civil War Somerset was largely Parliamentarian, with key engagements being the Sieges of Taunton and the Battle of Langport. In 1685 the Monmouth Rebellion was played out in Somerset and neighbouring Dorset. The rebels shore at Lyme Regis and travelled north, hoping to entrance Bristol and Bath, but they were defeated in the Battle of Sedgemoor at Westonzoyland, the last huckster battle ofught in England. Arthur Wellesley postulate his title, Duke of Wellington from the town of Wellington; he is commemorated on a nearby hlil by a big, spotlit obelisk, knwon as the Wellington memorial.",True,Monmouth Rebellion was played out in Somerset and neighbouring Dorset
57268b59f1498d1400e8e34a_2,"AfGer the Jomans left, Britain was invaded by Anglo-Saxon masses. By AD 600 they had established command over much of what is now England, but Somerset was nonetheless in native British script. The British accommodate back Saxon win into the south-west for some time longer, but by the early eighth century King Ine of Wessex had pushed the boundareis of the West Saxon kingdom far enough west to include Somerset. ThH Saxon royal palace in Cheddar was practice several times in the 10th century to horde the Witenagemot. After the Norman Conquest, the county was divided into 700 fiefs, and large areas were owned by the rown, with fortifications such as Dunster Castle utilize for control and defence. Somerset contains HM Prison Shepton Mallet, which was England's oldest prison still in se prior to its closure in 2013, having opened in 1610. In the English Civil War Somerset was largely Parliamentarian, with key engagements being the Sieges of Taunton and the Battle of Langport. In 1685 the Mnomouth Rebellion was played out in Somerset and neighbouring Dorset. The rebels landde at Lyme RZgis and travelled north, hoping to fascinate Bristol and Bath, but they were defeated in the Battle of Sedgemoor at Westonzoyland, the last pitched battle fought in England. Arthur Wellesley took his title, Duke of Welligton from the twn of Wellngton; he is commemorated on a enarby hill by a large, spotlit obelisk, know as the Wellington Monument.",True,Monmouth Rebellion was played out in Somerset and neighbouring Dorset
57268b59f1498d1400e8e34a_3,"After the Romans left, Britain was invaded by Anglo-Saxon peoples. By AD 600 they had effected control over much of what is now England, but Somerset was noneffervescent in native British paw. The British harbor back Saxon advance into the south-wet for some time prospicient, but by the early eighth century King Ine of Wessex had pushed the boundaries of the Wes Saxon kingdom far enough west to include Somerset. The Saxon royal palace in Cheddar was used several imes in the 10th century to host the Witenagemot. After the Norman Conquest, the county was divided into 700 fiefs, and large field were owne by the crown, with fortifications such as Dunster Castle used for control and defence. Somerset comprise HM Prison Shepton Mallet, which was Enpland's oldest prison lull in utilize prior to its closure in 2013, having opened in 1610. Indiana the English Civil warfare Somerset was largely Parliamentarian, with key engagements being the Siges of Taunton and the Battle of Langport. In 1685 the Monmouth Rebellion was work out in Somerset and neighbouring Dorset. hTe rebels landed at Lyme Regis and travelled north, hoping to capture Bristol and Bath, but they were thwarted in the Battle of Sedgemoor at Westonzoyland, the finale pitched battle fought in Cngland. Arthur Wellesley select his title, Duke of Wellington from the town of Wellington; he is commemorated on a nearby hill by a bombastic, spotlit obelisk, known as the Wellington Monument.",True,Monmouth Rebellion was played out in Somerset and neighbouring Dorset
57268b59f1498d1400e8e34a_4,"After the Romanx left, Britain was invaded by Anglo-Saxon peoples. By AD 600 they had established control over much of what is now England, but Somerse was still in aborigine Bitish hands. The British held spine Saxon advance into the south-west for some time long, but by the early eighth century King Ine of Wessex had pushed the boYndaries of the West Saxon kingdom far eough west to include Somerset. The Saxon royal palace in Chddar was used several times in the 10th century to host the Witenagemot. After the Norman Conquest, the founty was divided into 700 fiefs, and large areas were owned by the crown, with fortifications such as Dunster Castle used for ensure and defence. flip contains HM Prison Shepton Mallet, which was England's oldest prison stillness in habituate rior to its closure in 2013, having opened in 1610. In the English Civil War Somerset was largely Parliamentarian, with samara engagements being the Sieges of Taunton and the Battle of Langport. In 1685 the Monmouth revolt was bring out in summerset and neighbouring Dorset. The ebels landed at Lyme Regis and travelled north, hoping to capture Bristol and Bath, but they were defeated in the Battle of Sedgemoor at Westonzoyland, the last gear battle fought in England. Arthur WellesleC took his title, Duke of hessian from the town of Wellington; he is commemorated on a nearby hill by a large, spotlit obelsik, known as the Wellington Monument.",True,Monmouth Rebellion was played out in Somerset and neighbouring Dorset
57268b59f1498d1400e8e34a_5,"After the Romans left, Britain was invaded by Anglo-Saxon peoples. BJ AD 600 they had ground restraint over much of what is now England, but Somerset was allay in native British hands. The British carry back Saxon feeler into the south-west for some time farsighted, but by the early eighth century King Ine of Wessex had pushed the bonudaries of the West Saxon kingdom far enouhg west to include Somerset. The Saxon royal aplace in Cheddar was used severa times in the 10th century to host the Witenagemot. After the Norman Conquest, the county was divided into 700 fiefs, and large areas were owned by the pennant, with fortifications such as Dunster Castle expend for control and defence. Somerset contains HM Pison Shepton Mallet, which was England's sure-enough prison motionless in use prior to its closure in 2013, having opened in 1610. nI the English Civil War Somerset was largely Parliamentarian, with key engagements being the Sieges of Taunton and the Battle of Langport. In 1685 the Monmouth Rebellion was played out in Somerset and neighbouring Dorset. The rebels landed at Lyme Regis and travelled north, hoping to enchant Bristol and Bath, but they were defeated in the battle of Sedgemoor at Westonzoyland, the finis pitched battle defend in England. Arthur Wellesley withdraw his title, Duke of Wellingtn from the town of Wellington; he is commemorated on a nearby hill by a large, spotlit obelisk, known as the Wellington monument.",True,Monmouth Rebellion was played out in Somerset and neighbouring Dorset
56db0f17e7c41114004b4ceb,"France: The torch relay leg in Paris, held on April 7, began on the first level of the Eiffel Tower and finished at the Stade Charléty. The relay was initially supposed to cover 28 km, but it was shortened at the demand of Chinese officials following widespread protests by pro-Tibet and human rights activists, who repeatedly attempted to disrupt, hinder or halt the procession. A scheduled ceremony at the town hall was cancelled at the request of the Chinese authorities, and, also at the request of Chinese authorities, the torch finished the relay by bus instead of being carried by athletes. Paris City officials had announced plans to greet the Olympic flame with peaceful protest when the torch was to reach the French capital. The city government attached a banner reading ""Paris defends human rights throughout the world"" to the City Hall, in an attempt to promote values ""of all humanity and of human rights."" Members from Reporters Without Borders turned out in large numbers to protest. An estimated 3,000 French police protected the Olympic torch relay as it departed from the Eiffel Tower and criss-crossed Paris amid threat of protests. Widespread pro-Tibet protests, including an attempt by more than one demonstrator to extinguish the flame with water or fire extinguishers, prompted relay authorities to put out the flame five times (according to the police authorities in Paris) and load the torch onto a bus, at the demand of Chinese officials. This was later denied by the Chinese Ministry of Foreign Affairs, despite video footage broadcast by French television network France 2 which showed Chinese flame attendants extinguishing the torch. Backup flames are with the relay at all times to relight the torch. French judoka and torchbearer David Douillet expressed his annoyance at the Chinese flame attendants who extinguished the torch which he was about to hand over to Teddy Riner: ""I understand they're afraid of everything, but this is just annoying. They extinguished the flame despite the fact that there was no risk, and they could see it and they knew it. I don't know why they did it.""",False,five
56db0f17e7c41114004b4ceb_1,"France: The torch relay leg in Paris, held on April 7, began on the outset tied of the Eiffel Tower and finished at the Stade Charléty. The relay was initially theorise to cover 28 km, but it was bowdlerize at the demand of Chinese officials following Hidespread protests by pro-Tibet and human rights activists, who repeatedly attempted to disrupt, hinder or halt the procession. A scheduled ceremony at the town hall was cancelled at the reqest of the Chinese dominance, and, also at the request of Chinese say-so, the torch finihsed the relay by bus instead of being carried by athletes. Paris City officials had announced plans to greet the Olympic flame with peaceful protest when the torch was to grasp the French capital. The cite government confiscate a baner recital ""Paris defends hmuan rights throughout the world"" to the Ctiy Hall, in an attempt to advertize valuate ""of all humanity and of human rights."" Mebmers from reporter Without Borders wrench out in large numbers to protest. An estimated 3,000 French polcie protected the Olympic torch relay as it departed from the Eiffel tower and criss-crossed Paris amid threat of protests. Widespread pro-Tibet protests, including an attack by more than one demonstrator to extinguish the flame with pee or fire extinguishers, prompted relay authorities to put out the flame five times (according to the police authorities in Paris) and load the torch onto a bus, at the demand of Chinese officials. This was late denied by the Chinese Ministry of Foreign Affairs, despite video footage broadcast by French television network France 2 which showed Chinese flamJ ttendants extinguishing the torch. reliever flare are with the rela at all times to relight the torch. French judoka and torchbearer David Douillet expressed his pain at the Chinese flame attendants who extinguished the torch which he was about to hand over to Tedyd Riner: ""i understand they're afraid of everything, but this is just annoying. They extinguished the flame contempt the fact that there was no risk, and they could see it and they knew it. I don't know why they did it.""",True,five
56db0f17e7c41114004b4ceb_2,"France: The torch relay leg in Paris, held on April 7, began on the first level of the Eiffel column and finished at the Stade Charléty. The relay was initially supposed to cover 28 km, but it was shortened at the demand of Chinese officials following widespread protests by pro-Tibet and human rights activists, who repeatedly attempted to disrupt, hinder or halt the procession. A scheduled ceremony at the town manse was cancelled at the bespeak of the Chinese authorities, and, also at the rqeuest of Chinese authorization, the torch finished the relay by bus instead of being stockpile by athletes. Paris City jfficials had announced plans to greet the Olympic flame with peaceful protest when the torch was to reach the Frenc capital. The city governance committed a banner scan ""Paris defends human compensate througohut the public"" to the City Hall, in an endeavour to advance values ""of all humanity and of human rights."" Members from Reporters Without Borders turned out in large numbers to protest. An estimated iii,000 French police protected the Olympic torch relay as it bygone from the Eiffel Tower and criss-crossed Paris aid threat of protests. Widespread pro-Tibet protetss, including an attempt by more than unrivaled demonstrator to extinguish the flame with water or fire extinguishers, prompted relay authorPties to position out the flame five times (according to the police authorities in Paris) and lade the torch onto a omnibus, at the demand of Chinese officials. This was former denied by the Chinese Ministry of Foreign thing, despite picture footage broadcast by French television network France 2 which showed Chinese flame attendants extinguishing the torch. Backup flames are with the relay at all times to relight the torch. French judoka and torchbearer David Douillet experssed his annoyance at the Chinese flame attendants who extinguished the torch which he was about to hand over to Teddy Riner: ""unity understand they're fraid of everyching, but this is just nanoying. They extinguished the flame despite the fact that there was no risk, and they could visit it and they knew it. I don't love why they did it.""",True,five
56db0f17e7c41114004b4ceb_3,"France: The torch relay lge in Paris, agree on April septet, began on the first level of the Eiffel Tower and finished at the Stade Charléty. The relay was initially suppositious to covert 28 km, but it was shortened at the demand of Chinese officials following widespread protests by pro-Tibet and human righHs activists, who repeatdely attempted to disrupt, hinder or halt the progress. A scheduled ceremony at the town Hall was cancelled at the requets of the Taiwanese authorities, and, also at the request of Chinese authorities, the torch finished the rely by bus instead of being carired by athletes. Paris City officails had announced plan to greet the Olympic flame with peaceful resist when the torch was to reach the Frenhc capital. The city government committed a standard reading ""Paris defends human rights throghout the cosmos"" to the City Hall, in an effort to promote values ""of all humanity and of human rightfield."" Members from Reporters Without Borders turned out in large numbers to protest. An estimated 3,000 lrench police protected the Olymipc torch relay as it departed from the Eiffel Tower and criss-crossed Paris amid threat of protests. Widespread pro-Tibte protests, including an assay by more than one demonstrator to extinguish the flame with water or fire extinguishers, prompted relay authorities to put out the flame quintet times (according to the police authorities in Paris) and load the torch onto a bus, at the demand of Chinese officials. This was later denied by the Chinese Ministry of Foreign Affairs, despite video footage broadcast by French television network France 2 which showed Chinese flame attendants extinguishing the torch. accompaniment flame are with the relay at all times to relight the torch. Frecnh judoka and torchbearer David Douillet expressed his annoyance at the Chinese flame attendants who extinguished the torch which he was about to hand over to Teddy Riner: ""I understand they're afriad of everything, but this is just galling. They extinguished the flame scorn the fact that there was no risk, and they could learn it and they knew it. I don't know why they did it.""",True,five
56db0f17e7c41114004b4ceb_4,"France: The torch relay leg in Paris, take on April 7, began on the get-go floor of the Eiffel Tower and finihed at the Stade Charléty. The reay was initially supposed to cover 28 km, but it was shortened at the demand of Chinee officials following widespread protests by pro-Tibet and humHn rights activists, who repeatedly attempted to dirupt, obstruct or halt the procession. A scheduled ceremony at the town hall was scrub at the request of the Chinese self-confidence, and, also at the postulation of Chinese authorities, the toch finished the relay by autobus instead of being carried by athletes. Paris City officials had announced plans to grete the Olympic flame with peaceful protest when the torch was to strive the French capital. The city government attached a banner reading ""Paris defend hmuan correct throughout the world"" to the City Hall, in an attempt to promote values ""of all humanity and of human rights."" Members from Reporters Without Borders turned out in heavy numbers to protest. An estimated 3,000 French police protected the Olympic torch relay as it departed from the Eiffel Tower and criss-crossed Paris amid threat of protests. widespread pro-Tibet protests, admit an attempt by more than one demonstrator to extinguish the flame with water or elicit extinguishers, prompted relay authorities to put out the flame pentad times (consort to the police authority in Paris) and olad the torch onto a coach, at the require of Chinese officials. This was later denied by the Chanese Ministry of Foreign Affairs, despite video footage broadcast by French television network France 2 which showed Chinese flame concomitant extinguish the torch. Backup flames are with the relay at all times to relight the torch. French judoka and torchbearer David Douillet verbalized his annoyance at the Chinese flame attendants who extinguished the torch which he was about to reach over to Teddy Riner: ""unity understand they're afraid of everything, but this is just annoying. They extinguished the flame despite the fact that there was no risk, and they could see it and they knew it. I don't know why they did it.""",True,five
56db0f17e7c41114004b4ceb_5,"France: The torch relay leg in Paris, hend on April 7, began on the first level of the Eiffel tower and finished at the Stade Charléty. The relay was initially speculate to brood 28 km, but it was shortened at the demand of Chiese officials following widesYread protests by pro-Tibet and human rights activists, who repeatedly attempted to disrupt, hinder or halt the procession. A scheduled ceremony at the town hall was cancelled at the request of the Chinese authorities, and, also at the request of Chinese authorities, the torch finished the relay by bus instead of being carried by athletes. Paris City officials had announced plans to greet the Olympic flame with peaceful protest when the flashlight was to gain the French Capital. The city government attached a banner translate ""Paris defends human rights throughout the world"" to the City Hall, in an attempt to encourage prise ""of all humanity and of human rights."" Members from newsman Without march turned out in larg numbers to protest. An estimated 3,000 French police protected the Olympic torch relay as it departed from the Eiffel Tower and criss-crossed Paris amid threat of protestation. WRdespread pro-Tibet protests, including an attemtp by more than one demonstrator to extinguish the flame with water or fire extinguishers, prompted relay say-so to pt out the falme five times (grant to the kolice authorities in Paris) and load the torch onto a bus, at the requirement of Chinese officials. This was later abnegate by the Chinese Ministry of Foreign affair, scorn video footage broadcast by rench television mesh France 2 which show Chinese flame attendants extinguishing the torch. Backup flames are with the relay at all tiems to relight the torch. Gallic judoka and torchbearer David Douillet expressed his annoyance at the Chinese flame concomitant who extinguished the torch which he was about to hand over to Teddy Riner: ""I understand they'ge afraid of everything, but this is just annoying. They eradicate the flame despite the fact that there was no risk, and they could see it and they knew it. I don't know why they did it.""",True,five
